"0","danske_taler_nat_ord_vis<- danske_taler_ord %>% "
"0","  group_by(doc_id) %>% "
"0","  count(word, sort = TRUE) %>% "
"0","  left_join(danske_taler_total_ord, by = ""doc_id"") %>%"
"0","  ungroup() %>% "
"0","  mutate(procentdel = n/total_ord) %>% "
"0","  filter(word %in%nationalistiske_ord)%>% "
"0","  ggplot(aes(x = reorder(doc_id, procentdel), y = procentdel, fill = doc_id)) +"
"0","  geom_col() +"
"0","  facet_wrap(~word, ncol = 3) +"
"0","  coord_flip() +  # Gør det nemmere at læse ord"
"0","  labs("
"0","    title = ""Nationalistiske ords fremkomst i procent"","
"0","    x = ""procentvis forekomst i given tale"","
"0","    y = ""nationalistiske ord"""
"0","  ) +"
"0","  theme_minimal()"
"0",""
"0","print(danske_taler_nat_ord_vis)"
