{"chunk_definitions":[{"row":13,"row_count":1,"visible":true,"expansion_state":0,"options":{"engine":"r","label":"henter det nødvendige værktøj/pakker udover sentida til analysen ","dev":"png"},"document_id":"732C82B4","chunk_id":"car00z140c485","chunk_label":"henter det nødvendige værktøj/pakker udover sentida til analysen"},{"row":18,"row_count":1,"visible":true,"expansion_state":0,"options":{"engine":"r","label":"henter data og opretter et objekt","dev":"png"},"document_id":"732C82B4","chunk_id":"cs1669d95cj9b","chunk_label":"henter data og opretter et objekt"},{"row":28,"row_count":1,"visible":true,"expansion_state":0,"options":{"engine":"r","label":"splittet teksterne op i sætninger og ord samt opretter begge dele som objekt","dev":"png"},"document_id":"732C82B4","chunk_id":"clzl649j894j8","chunk_label":"splittet teksterne op i sætninger og ord samt opretter begge dele som objekt"},{"row":35,"row_count":1,"visible":true,"expansion_state":0,"options":{"engine":"r","label":"oprette liste med nationalistiske ord","dev":"png"},"document_id":"732C82B4","chunk_id":"c370qdvs498my","chunk_label":"oprette liste med nationalistiske ord"},{"row":43,"row_count":1,"visible":true,"expansion_state":0,"options":{"engine":"r","label":"tæller antal ord i hver tale for senere at kunne sammenligne dem","dev":"png"},"document_id":"732C82B4","chunk_id":"cfen0lf5lkwl3","chunk_label":"tæller antal ord i hver tale for senere at kunne sammenligne dem"},{"row":65,"row_count":1,"visible":true,"expansion_state":0,"options":{"engine":"r","dev":"png"},"document_id":"732C82B4","chunk_id":"cvw1lrv3e706b","chunk_label":"Tæller antal nationalistiske ord og laver to nye kolloner: 'total ord' og 'procentdel'. Laver efterfølgende visualiseringen."},{"row":69,"row_count":1,"visible":true,"expansion_state":0,"options":{"engine":"r","label":"Gemmer visulaisering som png-fil","dev":"png"},"document_id":"732C82B4","chunk_id":"ca8l2m8kdbk4d","chunk_label":"Gemmer visulaisering som png-fil"},{"row":85,"row_count":1,"visible":true,"expansion_state":0,"options":{"engine":"r","label":"sentida - forberedelse til sentimentanalyse","dev":"png"},"document_id":"732C82B4","chunk_id":"cskaiqq9da3co","chunk_label":"sentida - forberedelse til sentimentanalyse"},{"row":93,"row_count":1,"visible":true,"expansion_state":0,"options":{"engine":"r","label":"opretter et nyt objekt med talerne nedbrudt i sætninger og udregner sentimentscore for de samlede taler","dev":"png"},"document_id":"732C82B4","chunk_id":"croq9gpfh6bs1","chunk_label":"opretter et nyt objekt med talerne nedbrudt i sætninger og udregner sentimentscore for de samlede taler"},{"row":99,"row_count":1,"visible":true,"expansion_state":0,"options":{"engine":"r","label":"grupperer beregninger efter hvilke parti de hører til og regner gennemsnittet","dev":"png"},"document_id":"732C82B4","chunk_id":"cx0rgxtyufsyj","chunk_label":"grupperer beregninger efter hvilke parti de hører til og regner gennemsnittet"},{"row":102,"row_count":1,"visible":true,"expansion_state":0,"options":{"engine":"r","label":"laver en inddelingen af ordlisten for nationalistiske ord korrekt","dev":"png"},"document_id":"732C82B4","chunk_id":"cns07gxrrcxfm","chunk_label":"laver en inddelingen af ordlisten for nationalistiske ord korrekt"},{"row":112,"row_count":1,"visible":true,"expansion_state":0,"options":{"engine":"r","label":"filtrerer sentidaanlayse så det kun er sætninger med nationalistiske ord, der indgår i den gennemsnitlige score og opretter nyt objekt for dette ","dev":"png"},"document_id":"732C82B4","chunk_id":"c4t30eerwj7xa","chunk_label":"filtrerer sentidaanlayse så det kun er sætninger med nationalistiske ord"},{"row":124,"row_count":1,"visible":true,"expansion_state":0,"options":{"engine":"r","label":"lave visualisering (bar-chart) af de enkelte talers gennemsnitlige sentiment score for sætninger med nationalistiske ord","dev":"png"},"document_id":"732C82B4","chunk_id":"c83nc0e38un28","chunk_label":"lave visualisering (bar-chart) af de enkelte talers gennemsnitlige sentiment score for sætninger med nationalistiske ord"},{"row":131,"row_count":1,"visible":true,"expansion_state":0,"options":{"engine":"r","label":"gemmer vislualiseringen som png-fil","dev":"png"},"document_id":"732C82B4","chunk_id":"c331lze1lz8ou","chunk_label":"gemmer vislualiseringen som png-fil"}],"doc_write_time":1747648040}