"0",""
"0","ggplot(data, aes(x = doc_id, total_nat_sentida, y = total_nat_sentida)) + "
"0","  geom_bar(stat = ""identity"", fill = ""doc_id"") +"
"0","  theme_minimal() + "
"0","  labs("
"0","    title = ""Den gennemsnitlige sentimentscore for nationalistiske ord for hver tale"", "
"0","    x = ""parti"","
"0","    y = ""Gennemsnitlig sentiment score"""
"0","  )"
"1","[1m[33mError[39m in `ggplot()`:[22m
[38;5;232m[33m![38;5;232m `data` cannot be a function.
[36mℹ[38;5;232m Have you misspelled the `data` argument in `ggplot()`[39m
[90mRun `]8;;x-r-run:rlang::last_trace()rlang::last_trace()]8;;` to see where the error occurred.[39m
"
