{"chunk_definitions":[{"row":15,"row_count":1,"visible":true,"expansion_state":0,"options":{"engine":"r","label":"setup","include":false,"dev":"png"},"document_id":"732C82B4","chunk_id":"csetup_chunk","chunk_label":"setup"},{"row":22,"row_count":1,"visible":true,"expansion_state":0,"options":{"engine":"r","label":"henter data","dev":"png"},"document_id":"732C82B4","chunk_id":"cc4vfkefekek8","chunk_label":"henter data"},{"row":33,"row_count":1,"visible":true,"expansion_state":0,"options":{"engine":"r","label":"splittet teksterne op i sætninger og ord","dev":"png"},"document_id":"732C82B4","chunk_id":"cu90e9zcx3wrl","chunk_label":"splittet teksterne op i sætninger og ord"},{"row":40,"row_count":1,"visible":true,"expansion_state":0,"options":{"engine":"r","label":"oprette liste med nationalistiske ord","dev":"png"},"document_id":"732C82B4","chunk_id":"c7g03pnlw01n5","chunk_label":"oprette liste med nationalistiske ord"},{"row":48,"row_count":1,"visible":true,"expansion_state":0,"options":{"engine":"r","label":"tæller antal ord i hver tale for senere at kunne sammenligne dem","dev":"png"},"document_id":"732C82B4","chunk_id":"cp3szbn2rn14d","chunk_label":"tæller antal ord i hver tale for senere at kunne sammenligne dem"},{"row":69,"row_count":1,"visible":true,"expansion_state":0,"options":{"engine":"r","dev":"png"},"document_id":"732C82B4","chunk_id":"cxr4278vmxct3","chunk_label":"tæller antal ord i talerne. Laver to nye kolloner: 'total ord' og 'procentdel'"},{"row":73,"row_count":1,"visible":true,"expansion_state":0,"options":{"engine":"r","label":"unnamed-chunk-3","dev":"png"},"document_id":"732C82B4","chunk_id":"c4aq4j4hh4b84","chunk_label":"unnamed-chunk-1"},{"row":88,"row_count":1,"visible":true,"expansion_state":0,"options":{"engine":"r","label":"sentida - forberedelse til sentimentanalyse","dev":"png"},"document_id":"732C82B4","chunk_id":"ce3zoqxs1y4ft","chunk_label":"sentida - forberedelse til sentimentanalyse"},{"row":96,"row_count":1,"visible":true,"expansion_state":0,"options":{"engine":"r","label":"unnamed-chunk-6","dev":"png"},"document_id":"732C82B4","chunk_id":"czpjah5vrfh7c","chunk_label":"unnamed-chunk-2"},{"row":102,"row_count":1,"visible":true,"expansion_state":1,"options":{"engine":"r","label":"unnamed-chunk-7","dev":"png"},"document_id":"732C82B4","chunk_id":"cuj41xg0b2hlc","chunk_label":"unnamed-chunk-3"},{"row":105,"row_count":1,"visible":true,"expansion_state":0,"options":{"engine":"r","label":"unnamed-chunk-28","dev":"png"},"document_id":"732C82B4","chunk_id":"cko8s7m26m637","chunk_label":"unnamed-chunk-4"},{"row":115,"row_count":1,"visible":true,"expansion_state":0,"options":{"engine":"r","label":"unnamed-chunk-27","dev":"png"},"document_id":"732C82B4","chunk_id":"colh32r018syr","chunk_label":"unnamed-chunk-5"},{"row":126,"row_count":1,"visible":true,"expansion_state":0,"options":{"engine":"r","label":"lave visualisering (bar-chart) af de enkelte talers sentiment score","dev":"png"},"document_id":"732C82B4","chunk_id":"cpwbgwefjm2jn","chunk_label":"lave visualisering (bar-chart) af de enkelte talers sentiment score"}],"doc_write_time":1747404355,"working_dir":null,"default_chunk_options":{}}